"year","average_length"
"2010",725.300106723586
"2011",716.764369419643
"2012",709.68233981511
"2013",707.497288277013
"2014",661.693187638723
"2015",666.019891728566
"2016",700.694036840462
"2017",720.962643678161
