year,juvenile_productivity
2009,12.73499
2010,12.42473
2011,22.27462
2012,11.20301
2013,40.05201
2014,30.58975
2015,31.79726
2016,17.12519
2017,11.74963
2018,13.35059
2019,5.281143
