"Year","mean_length"
"2010",765.58407079646
"2011",748.907142857143
"2012",700.169712793734
"2013",722.367549668874
"2014",710.728021978022
"2015",718.954635108481
"2016",709.407008086253
"2017",679.555555555556
